{"cameraMode":{"drawMode":0,"name":"Shaded","section":"Shading Mode"},"sceneLighting":true,"audioPlay":false,"sceneViewState":{"showFog":false,"showMaterialUpdate":false,"showSkybox":false,"showFlares":false,"showImageEffects":false,"showParticleSystems":true},"in2DMode":false,"pivot":{"x":-3.8758277893066408,"y":-3.347898006439209,"z":-4.3879547119140629},"rotation":{"x":-0.2201397866010666,"y":0.5251061916351318,"z":-0.14278839528560639,"w":-0.8095760941505432},"size":17.15436553955078,"orthographic":false}