{"cameraMode":{"drawMode":0,"name":"Shaded","section":"Shading Mode"},"sceneLighting":true,"audioPlay":false,"sceneViewState":{"showFog":false,"showMaterialUpdate":false,"showSkybox":false,"showFlares":false,"showImageEffects":false,"showParticleSystems":true},"in2DMode":false,"pivot":{"x":-4.460658073425293,"y":6.334373474121094,"z":-5.205801010131836},"rotation":{"x":0.11355967819690705,"y":-0.058083388954401019,"z":0.006651722826063633,"w":0.9918096661567688},"size":2.3723134994506838,"orthographic":false}