{"cameraMode":{"drawMode":0,"name":"Shaded","section":"Shading Mode"},"sceneLighting":true,"audioPlay":false,"sceneViewState":{"showFog":false,"showMaterialUpdate":false,"showSkybox":false,"showFlares":false,"showImageEffects":false,"showParticleSystems":true},"in2DMode":false,"pivot":{"x":-6.005449295043945,"y":1.6015595197677613,"z":-7.699973106384277},"rotation":{"x":0.29290327429771426,"y":-0.32139450311660769,"z":0.10526160150766373,"w":0.8943340182304382},"size":2.4072766304016115,"orthographic":false}