{"cameraMode":{"drawMode":0,"name":"Shaded","section":"Shading Mode"},"sceneLighting":true,"audioPlay":false,"sceneViewState":{"showFog":false,"showMaterialUpdate":false,"showSkybox":false,"showFlares":false,"showImageEffects":false,"showParticleSystems":true},"in2DMode":false,"pivot":{"x":0.7751680016517639,"y":0.6400001049041748,"z":-28.323110580444337},"rotation":{"x":0.0643480196595192,"y":-0.44592252373695376,"z":0.03216209635138512,"w":0.89217609167099},"size":30.515480041503908,"orthographic":false}