{"cameraMode":{"drawMode":0,"name":"Shaded","section":"Shading Mode"},"sceneLighting":true,"audioPlay":false,"sceneViewState":{"showFog":false,"showMaterialUpdate":false,"showSkybox":false,"showFlares":false,"showImageEffects":false,"showParticleSystems":true},"in2DMode":false,"pivot":{"x":-0.2170693278312683,"y":1.7715269327163697,"z":-12.658997535705567},"rotation":{"x":0.02099517360329628,"y":0.017995843663811685,"z":-0.0003779390826821327,"w":0.9996175765991211},"size":2.559854745864868,"orthographic":false}