{"cameraMode":{"drawMode":0,"name":"Shaded","section":"Shading Mode"},"sceneLighting":false,"audioPlay":false,"sceneViewState":{"showFog":false,"showMaterialUpdate":false,"showSkybox":false,"showFlares":false,"showImageEffects":false,"showParticleSystems":true},"in2DMode":false,"pivot":{"x":0.44999995827674868,"y":0.6399999856948853,"z":0.0},"rotation":{"x":0.02099517360329628,"y":0.017995843663811685,"z":-0.0003779390826821327,"w":0.9996175765991211},"size":3.689063549041748,"orthographic":false}