{"cameraMode":{"drawMode":0,"name":"Shaded","section":"Shading Mode"},"sceneLighting":true,"audioPlay":false,"sceneViewState":{"showFog":false,"showMaterialUpdate":false,"showSkybox":false,"showFlares":false,"showImageEffects":false,"showParticleSystems":true},"in2DMode":false,"pivot":{"x":0.16730594635009767,"y":0.022608041763305665,"z":-0.8026895523071289},"rotation":{"x":0.0643480196595192,"y":-0.44592252373695376,"z":0.03216209635138512,"w":0.89217609167099},"size":14.664131164550782,"orthographic":false}